username,data,address
carlslarson,26006.26272464989,0x95d9bed31423eb7d5b68511e0352eae39a3cdd20
Eth_Man,57701.98953298836,0x0e066ed845a6853557a0d580b3ba998b0283aca8
kohrts,8417.967533004741,0x4ef0eae978cc851ad05f90d34ce58d51d27eb096
,130.50884962361053,0x50c87176bcd227ab083a6b4cf2038b0d5081ffe5
Jake123194,9224.604922392668,0x48afb64d55c79a2e711c14a2bf903a7c3842bacc
rsblk,1.2594178095470774,0xf08e242722af03f5575a50e8bfba0c56eff6d134
rustedpopcorn,953.8203604769851,0xd2d117e6dbbfdd74d6b865ff859a4611bd29f3ed
Basoosh,37931.44738413973,0x80148c5d2b61182107f43fae67f8f2ec4b5dbcde
Cryptonault,1172.731673505507,0x226e9da4b9c4dcbda571b5a01646c55ae0b5a52a
Aguaskeepartdeux,1151.4340123491384,0x8f8e6bb6d20fb56a6988f91e60cf8b5437cc052f
YokoSloNo,1359.935882904054,0xa9889878f2a1d8eb99b53417d2ee7a34411ebe82
,1015.153122087794,0x8467f76ba0b033232e37c9b8cc4c28756400553a
,1334.2232522301877,0xe744dca114a3d590954bc8d61725f979cb8113e8
IHaventEvenGotADog,1346.9757481870151,0xf404c300d704c358ab2933d3203c238c337cb1b7
,21.850422643986974,0xc4e1c8152eeb4b45b9d83c1faa49df092df08d51
,604.5667010786118,0x98b247643bfb9e9c83ac4940444f7f1b2d7a2477
,604.5667010786118,0x2439664124bc841be1760a54dffc8a0dd5dfa2b3
ejdunia,589.6515554058084,0x3e20204fe94073ad114e01eb756755c912412860
what_the_deuce,261.27914266427723,0xe809bbe8dbe425035d955a30a902a09b58683198
13illini,193.36770470512954,0x1d46edca0ef607e414141a7d3b72a7894e5f6257
,8.796414602485811,0xac66ab400b858ad89478d34399885126e6dc7011
,31641.28563569178,0xb3e1b74963301d2ebd72eceae539007c3aff3424
__CRUSH__,197.95968809141482,0x44bb448bf6e82d72b393f9a3549af378c8ddcf32
MicThess,421.99616802789893,0x6dbbae34efed73c2fe9fa67cf929408f60e2320c
sirjakobos,6.406665729903422,0x6ff1dd1443289cc30aa3a010b6ef7bb4058d8c54
DDDUnit2990,293.6564594485146,0x5ed32f30c6429418bb4aa23b25be2f37cf621179
SqrHornet,8.372768476374723,0x83800bdc4f58a6cbdf156a9f35158e5c6241551e
rayQuGR,321.6820650713484,0x2cf036f1fe2833a344e43d9da9372667f084d5a5
steamyp,59.92220302148307,0x268d91caa7b25ec0fe3d84bca24d5230a6aaf1d1
devboricha,1254.026633020951,0x1d63d569c1e02a9ea187905f95d47b7701aae3a3
Wilt_The_Stilt_,15.190757557796106,0x58a19d526bf1130618a0cb1422df68ad60501747
Creativone,383.1479657758102,0x787eb8890e8dfe6d7f2f15c97635c59625772cbd
